order_id,user_id,product_id,product_name
0,100,82213a2bc18521699e2a1bd957718f13,TPH Covers Agile Car Cover For NA
1,101,35ab10bf842f29f6df8fa48b83b189a5,Clazz CB 35 L Backpack
2,102,9e1ba8897e901bf4ccc80dfc054aa015,Smiledrive Flexible Mobile Spiderpod Holder-Use It In Car Many Way
3,103,fc3eb6ffed257270c26943e9f9c347b9,Maspar Cotton Set of Towels
4,104,b4b8abb6daa81e01b4e91749846a9ceb,VITAMINS Casual Sleeveless Embellished Baby Girl's Top
5,105,464dce0472c621f3eb136b799ca7b44c,Hoko Flip Cover for Apple iPad 3
6,106,323a80865dd976da6db0362f475d9033,"Ole Baby Baby Boy's, Baby Girl's Woven Ankle Length Socks"
7,107,5d409c527a95801ef9ae0b4489e8bba8,Tetalee Casual Printed Women's Kurti
8,108,e477aab7af0447ad055239ac335d8b20,IWS Cotton Bath Towel
9,109,d6dd9dbb80de327fa41a230a180421a1,Meira Women's Solid Party Shirt
10,110,11260f84928e29f000988eb77f36b6eb,YugshaJewels Brass Necklace
11,111,7f3ce7e968a9d9d9d1dc5afb79e0e229,The Jewelbox Brass Cubic Zirconia Yellow Gold Bangle
12,112,1bc759fd49d46eb2e058d3ed0f38207c,Golden Interiors Women's Leggings
13,113,d3257d2c1507aa22cbb274a8402aa16b,Janhvi Bluetooth Beatz Pill F Wireless Home Audio Speaker
14,114,1c093aac07f480783c033ebf0f40ef59,Tucasa LG-186 Table Lamp
15,115,ea82cb68a6e79d3c10fe9c4255c6a508,"Wild Stone Charge,Surge Combo Set"
16,116,e5eb50a608d33a9d7df5d4fcaab571f6,Marvel Spiderman Superhero Art Plastic Pencil Box
17,117,8958752712d3c001ebf5d8b714a57a44,"Vaishali Bindi and Bangles Brass, Copper Bangle Set"
18,118,2f82779fd4fd58987f7007386b8208a1,Greek Sojourn Brass Plated Acrylic Necklace
19,119,a1fb13ead0d648acd61e600531421a34,"NITGEN eNBioAccess T5-HID Time & Attendance, Access Control, Door Locks"
20,120,db924858e3a05bdeac0a101a7c520f8b,Cello Grind-N-Mix 500 550 W Mixer Grinder
21,121,ffc60f237daaeb865f0929e1efe8f000,AMY Black Sports Car A5 Notebook Spiral Bound
22,122,97fba8a02361aa56eaa9fa51bc1d7661,Sonata 8925YM06 Analog Watch  - For Women
23,123,68dcd5354db2bd465f2cb3263ff4044d,999store Medium Paper Sticker
24,124,8d060de39afd5b2870ae18d6af7661c4,Nickolas Stylish Casual Bellies
25,125,90453db0386931707b256dfa1e32c404,Handloomhub Polyester Pink Self Design Eyelet Door Curtain
26,126,ab6c1aaf0463123e7d4fb0d4987cca57,Future Tech Metal Bangle
27,127,1d4f4a33112716e6888573a7e3395f37,Shopatplaces Printed Women's Broomstick Skirt
28,128,2521c4551b9d075f73855519dd420456,Radiant Bay Sparkling Bloom White Gold Diamond 14 K Ring
29,129,5b4d52f8ea679fa3ff74eff1c5cbba78,WallDesign Small Vinyl Sticker
30,130,3b8b82bfb6de5ff82433cbc87c9b90a7,L'appel Du vide Men's Vest
31,131,43542c355ab576565c3b61e644a3e000,Novel Sporty Women's Sports Bra
32,132,326360398c9db09c48aa3965c5d13e04,Bruno Manetti Women Wedges
33,133,9ea7d2943c34e481395957a81633efdf,TheLostPuppy Back Cover for Apple iPad Air
34,134,dbf7a1f8c38ed25e4b9eff80fa909852,Total TS_NCK184 Gymnastic Stick - 10 inch
35,135,d92de71fff3aca1e23465bef0bd6bedd,Radiant Bay Two Together Solitaire White Gold Diamond 18 K Ring
36,136,e296cc25446db2b96f65b3b6c7689840,Voylla Artificial Simplicity Plain Crystal Silver Plated Alloy Necklace
37,137,65b60fe4f084d633a03c698f261c2ff4,Alibi Casual Sleeveless Solid Women's Top
38,138,43afdbb5a2136566eb8b2fe308250fbc,Karatcraft Ortus Yellow Gold Diamond 18 K Ring
39,139,8a0d1c65d5ae011008732251728bcf5e,Loomkart Multicolor Cotton Dhurrie
40,140,90c0d002e29032b8149f52bee776171d,Lee Marc Men's Checkered Formal Shirt
41,141,90c0d002e29032b8149f52bee776171d,Lee Marc Men's Checkered Formal Shirt
42,142,6b360fa20416f932e30ceea04e329c32,Fayon Red chic Alloy Necklace
43,143,ef48de23d6b2bd18e5374d85c8671c2f,Pet Club51 PC230 M Pet Bed
44,144,d7eab6cca9b2fbfb315503140d3740b5,Puma Casuals
45,145,44db8fc7eb58b132e391049fed3fb758,UR Image by Ur Image - Fashion Women's Full Coverage Bra
46,146,e492b0e28e6a87ba1603b040964dc7bb,Affinity Jewellers Designer Gold Hyderabadi Gold Taar Mala String Pearl 18K Yellow Gold Plated Alloy Necklace
47,147,74683532d2f899b4e7c6297df77e8e58,Kaxiaa Women's Gathered Dress
48,148,99e89ca4f4d1be10f06eb101820f67fb,next steps Baby Girl's Printed Top & Pyjama Set
49,149,32cf0691248297655e2c1728b12e2262,Poppins Printed Baby Boy's Jumpsuit
